{"playerPos":{"x":0.5629643797874451,"y":4.196991920471191,"z":3.7728934288024904},"playerRota":{"x":0.0,"y":0.3008182644844055,"z":0.0,"w":0.9536815285682678},"bridgeRota":{"x":-5.218156928776807e-8,"y":0.924835205078125,"z":2.1461346477735789e-8,"w":-0.380368173122406},"handleRota":{"x":0.5881783366203308,"y":-0.1383744180202484,"z":0.3924873471260071,"w":0.6934353709220886}}