{"playerPos":{"x":-9.621747970581055,"y":0.576788067817688,"z":-5.220545768737793},"playerRota":{"x":0.0,"y":0.9963119029998779,"z":0.0,"w":-0.08580595254898071},"bridgeRota":{"x":0.0025149830617010595,"y":-0.7071022987365723,"z":-0.0011530120391398669,"w":0.7071058750152588},"handleRota":{"x":0.5709199905395508,"y":-0.002271445468068123,"z":0.8210009932518005,"w":-0.001579551724717021},"switchActive":[true,false]}